Galaxy,chi2_Quat,AIC_Quat,BIC_Quat,M_solar_Quat,rs_kpc_Quat,epsilon_Quat,chi2_LCDM,AIC_LCDM,BIC_LCDM,chi2_MOND,AIC_MOND,BIC_MOND,Best_Model
UGC05750_rotmod,163.4256817986314,169.4256817986314,170.6193676170265,8103144586.137554,18.963523352152592,5118.373704245759,215.9976241093556,223.9976241093556,225.5892052005491,2003.807547769553,2009.807547769553,2011.001233587948,Quaternionic
NGC1705_rotmod,13.185351577389378,19.185351577389376,21.102523566235153,21615320346.80491,16.992496716733733,5181.113598927803,25.22756783566164,33.227567835661645,35.783797154122674,776.1440932241071,782.1440932241071,784.0612652129529,Quaternionic
UGC02916_rotmod,2863.5151336982062,2869.5151336982062,2874.798734045287,99975719500.43044,6.679121392759593,4936.066935784895,182.3415440389758,190.3415440389758,197.38634450175005,3549.4104468366377,3555.4104468366377,3560.6940471837183,LCDM
NGC5033_rotmod,13681.293289017816,13687.293289017816,13690.566416377891,99995672588.72775,3.37591976621982,4282.082146545028,103.34399441696588,111.34399441696588,115.70816423039915,26150.933259186484,26156.933259186484,26160.20638654656,LCDM
UGC07577_rotmod,38.33992801803049,44.33992801803049,44.93160175003915,30760003.698039427,2.9641045315052437,0.04867878968786965,92.30937770897725,100.30937770897725,101.09827601832212,4275.277694779046,4281.277694779046,4281.869368511055,Quaternionic
NGC4217_rotmod,699.4439025926104,705.4439025926104,708.2772195301097,99709572591.35683,11.518106131095779,5058.544112893225,446.5715129915792,454.5715129915792,458.34926890824494,508.36530624996936,514.3653062499693,517.1986231874687,LCDM
IC2574_rotmod,19091.580815243135,19097.580815243135,19102.159896816982,3704246239.7028685,19.98328452339657,4987.4180128719,25385.726671855315,25393.726671855315,25399.83211395378,316883.6912206554,316889.6912206554,316894.27030222927,Quaternionic
UGC03205_rotmod,18373.43523265595,18379.43523265595,18385.048835688674,99995415823.34703,4.607245870249928,4860.446285785679,387.848909745564,395.848909745564,403.3337137891956,23117.170566635614,23123.170566635614,23128.78416966834,LCDM
NGC2903_rotmod,4699.005514228215,4705.005514228215,4709.584595802064,99987898532.45523,6.014330900541763,4756.235847740083,1096.0004311469484,1104.0004311469484,1110.105873245413,15825.26984880518,15831.26984880518,15835.848930379028,LCDM
UGC06787_rotmod,46789.5429860884,46795.5429860884,46802.331025719526,99998075577.41528,3.3876745227296534,4880.555695024879,2479.211543873203,2487.211543873203,2496.2622633813685,25855.86567397848,25861.86567397848,25868.6537136096,LCDM
NGC0055_rotmod,1252.1422995163468,1258.1422995163468,1261.275866829517,22756088085.53495,19.882088856095972,5035.511706136818,1157.1759077760735,1165.1759077760735,1169.353997526967,21847.891566840382,21853.891566840382,21857.02513415355,LCDM
NGC2366_rotmod,1520.9185611168955,1526.9185611168955,1530.69285073096,7519835064.905485,19.79946202855632,5222.856682109628,2359.899051378783,2367.899051378783,2372.931437530869,23319.279112796972,23325.279112796972,23329.05340241104,Quaternionic
UGC11820_rotmod,1587.4385623419323,1593.4385623419323,1594.3463176209145,31832045797.94638,19.952098652296115,4790.721708391926,1403.315361589046,1411.315361589046,1412.5257019610222,114380.84312045718,114386.84312045718,114387.75087573616,LCDM
UGC06667_rotmod,328.2018941661886,334.2018941661886,334.79356789819724,23797283047.632088,19.555114212398045,5239.3939248158,319.90436494146644,327.90436494146644,328.6932632508113,2767.6537521848973,2773.6537521848973,2774.245425916906,LCDM
UGC00891_rotmod,417.2748774132171,423.2748774132171,422.1031911505194,17236277953.51435,19.702328036409057,4694.806881470371,393.6457615229657,401.6457615229657,400.0835131727021,59851.41712122662,59857.41712122662,59856.24543496392,LCDM
NGC1090_rotmod,4366.912955410884,4372.912955410884,4376.447116901928,99977446733.03345,10.65741233076993,4752.337046561728,1250.2792098969207,1258.2792098969207,1262.9914252183125,36951.729393138834,36957.729393138834,36961.26355462988,LCDM
NGC4051_rotmod,56.29898905069426,62.29898905069426,62.1367194978602,96625409016.66049,15.378180141950267,4822.124843927579,41.14050065649327,49.14050065649327,48.92414125271453,91.87031416738995,97.87031416738995,97.70804461455589,LCDM
NGC6503_rotmod,538.5636069760352,544.5636069760352,548.8655685894906,82538252034.03633,19.96366015188497,4751.971231112675,156.66573557812885,164.66573557812885,170.40168439606944,150175.47819252015,150181.47819252015,150185.78015413362,LCDM
UGC05414_rotmod,211.5669715940612,217.5669715940612,216.94225000174535,9469408652.94783,19.000095408088207,5324.348061516501,257.2645873214022,265.2645873214022,264.4316251983144,2285.010183450002,2291.010183450002,2290.385461857686,Quaternionic
NGC3917_rotmod,1519.0887388360597,1525.0887388360597,1527.5883788682283,71329028322.55478,19.91853604261869,5072.505914534186,1343.9069260055126,1351.9069260055126,1355.2397793817374,2686.753875699837,2692.753875699837,2695.253515732006,LCDM
D564-8_rotmod,385.4452763686751,391.4452763686751,390.82055477635924,28506986.51033836,3.1166596879215844,0.05020827392829005,228.3266651769003,236.3266651769003,235.4937030538125,14968.991360802167,14974.991360802167,14974.366639209851,LCDM
NGC3877_rotmod,440.6655381812625,446.6655381812625,448.3603862536471,99226638748.01648,14.775367397579146,5124.22183486627,351.3647024118671,359.3647024118671,361.62449984171326,132.47355111053878,138.47355111053878,140.1683991829234,MOND
F563-V1_rotmod,11.25854651809778,17.25854651809778,16.633824925781944,2554816415.9154024,16.301437531776358,4938.478194119352,17.469814198435607,25.469814198435607,24.636852075347825,2675.2662459395883,2681.2662459395883,2680.6415243472725,Quaternionic
DDO154_rotmod,145157.9409380949,145163.9409380949,145165.39565804426,52029785.759304404,3.0568533076483453,0.05071791153008512,110838.10411849183,110846.10411849183,110848.04374509098,1256565.781843306,1256571.781843306,1256573.2365632553,LCDM
UGC08699_rotmod,575.8544980977856,581.8544980977856,586.9952142978985,99893752457.8472,9.31412681994263,4920.352632938063,86.34391160435074,94.34391160435074,101.19819987116797,2687.310196004648,2693.310196004648,2698.4509122047607,LCDM
NGC3972_rotmod,418.2410359434155,424.2410359434155,425.1487912223977,58410189592.56277,19.684270718723862,5188.160618197655,388.68798733191306,396.68798733191306,397.89832770388927,296.6677212565969,302.6677212565969,303.57547653557907,MOND
DDO161_rotmod,2129.8133667486163,2135.8133667486163,2140.115328362072,20528804355.130745,19.95926294204716,4987.724301206189,1904.8257095042577,1912.8257095042577,1918.5616583221984,203454.20863548966,203460.20863548966,203464.51059710313,LCDM
UGC04325_rotmod,280.5843853228115,286.5843853228115,286.822709947851,31681935907.796875,19.424720084050477,4613.875095452022,288.7000491542371,296.7000491542371,297.01781532095646,708.7709132285081,714.7709132285081,715.0092378535476,Quaternionic
NGC2403_rotmod,45257.0575931611,45263.0575931611,45269.92897148454,80121917814.27759,19.99851342336265,5013.468209701592,37370.66154648476,37378.66154648476,37387.82338424935,287718.1852323376,287724.1852323376,287731.0566106611,LCDM
NGC3521_rotmod,329.5055922340386,335.5055922340386,340.64630843415154,99668801090.24022,8.486011695893005,4796.625157899022,87.71280654042249,95.71280654042249,102.56709480723973,999.1681227443169,1005.1681227443169,1010.3088389444298,LCDM
UGC08490_rotmod,268.64342733379704,274.64342733379704,278.8470194787835,29095981384.142426,19.713798557441827,4831.5339137139235,287.6528196026245,295.6528196026245,301.25760912927313,10376.326229864966,10382.326229864966,10386.529822009952,Quaternionic
UGC12732_rotmod,523.3158202248414,529.3158202248414,531.6335863915608,33048696164.95215,19.860521567807247,5034.416494277564,444.4092189751067,452.4092189751067,455.4995738640658,12884.127217781468,12890.127217781468,12892.444983948188,LCDM
UGC05829_rotmod,126.56848109496605,132.56848109496605,133.76216691336117,9997898815.252506,18.769601664590155,4999.851224035234,141.836880278532,149.836880278532,151.42846136972548,2085.5843335681807,2091.5843335681807,2092.7780193865756,Quaternionic
UGC12506_rotmod,2069.0077319721986,2075.0077319721986,2079.3096935856543,99982095439.23697,4.939151442810713,414.3468818137245,144.34809873800234,152.34809873800234,158.08404755594293,1835.550791493384,1841.550791493384,1845.8527531068394,LCDM
NGC0024_rotmod,559.3399914227318,565.3399914227318,569.4418789126912,44151354155.88887,19.810708405130104,4846.991357693161,554.5185520696873,562.5185520696873,567.9877353896331,2596.0930330985575,2602.0930330985575,2606.194920588517,LCDM
UGC03546_rotmod,6843.490708643417,6849.490708643417,6853.694300788403,99995945546.88446,3.087254136169578,4977.335253304171,42.099894411364716,50.099894411364716,55.70468393801334,10006.063569674814,10012.063569674814,10016.2671618198,LCDM
UGC06399_rotmod,133.3954906084307,139.3954906084307,139.98716434043934,25642542627.47677,19.033152200604373,5051.4433816704695,130.57946211857578,138.57946211857578,139.36836042792066,1288.2180319612908,1294.2180319612908,1294.8097056932995,LCDM
UGC00634_rotmod,201.59675110325168,207.59675110325168,205.75563418661136,66769674796.911545,19.74800194488699,4834.687416333789,142.11205861273555,150.11205861273555,147.6572360572151,20802.211691032215,20808.211691032215,20806.370574115575,LCDM
UGC07151_rotmod,469.9691091576438,475.9691091576438,477.1627949760389,17633096301.95517,19.482437676923514,5056.49861055433,549.4361588259328,557.4361588259328,559.0277399171263,2677.4662753093776,2683.4662753093776,2684.6599611277725,Quaternionic
UGCA442_rotmod,760.0344683787621,766.0344683787621,766.2727930038016,12530094487.115683,19.78561665945064,4964.404785880337,922.066836830657,930.066836830657,930.3846029973764,26987.46713770529,26993.46713770529,26993.70546233033,Quaternionic
F563-1_rotmod,200.15359839971717,206.15359839971717,208.65323843188582,35708757271.32634,19.55002322467018,4958.738829780852,174.89375525859268,182.89375525859268,186.22660863481755,1361.8937247177107,1367.8937247177107,1370.3933647498793,LCDM
NGC3953_rotmod,352.02345320683105,358.02345320683105,358.2617778318706,110549942858.22353,4.139231581783608,0.3229887895017354,51.29173610805287,59.29173610805287,59.60950227477222,64.58992249348616,70.58992249348616,70.82824711852567,LCDM
UGC04499_rotmod,222.60283948980623,228.60283948980623,229.19451322181487,20449234656.81511,19.432927666170748,4933.7129060463585,217.72895286140354,225.72895286140354,226.51785117074843,5450.968894291735,5456.968894291735,5457.560568023743,LCDM
NGC4559_rotmod,415.21152153784175,421.21152153784175,425.60872924624096,80046657317.99835,19.8905325351996,4957.800396259228,286.12567230977686,294.12567230977686,299.98861592097575,11761.554932370935,11767.554932370935,11771.952140079335,LCDM
D512-2_rotmod,14.034858509778232,20.034858509778232,18.193741593137904,3519268667.3288503,15.885557214408959,5010.59578428599,24.892724399957427,32.89272439995743,30.43790184443699,1012.5456587009921,1018.5456587009921,1016.7045417843518,Quaternionic
UGC06973_rotmod,25.62807533722195,31.62807533722195,32.21974906923061,96953854503.92471,11.837400525750338,4745.669519131633,8.341165147985281,16.34116514798528,17.13006345733016,35.16425552088088,41.16425552088088,41.75592925288954,LCDM
UGC06930_rotmod,78.00968006057144,84.00968006057144,84.91743533955358,55316554084.110695,19.36789361600031,5006.788734997859,60.240202894138676,68.24020289413868,69.45054326611486,2079.5866918004513,2085.5866918004513,2086.4944470794335,LCDM
UGC06923_rotmod,42.30074087729477,48.30074087729477,47.676019284978935,23163490593.26273,17.760762559504208,4780.5068016003115,43.60586884938273,51.60586884938273,50.77290672629495,395.0252320411777,401.0252320411777,400.40051044886184,Quaternionic
NGC2683_rotmod,113.2703529462315,119.2703529462315,120.46403876462661,99590151817.74751,5.915356019225815,4656.634713547443,18.90450121125793,26.90450121125793,28.496082302451413,1425.5360926825115,1431.5360926825115,1432.7297785009066,LCDM
NGC2955_rotmod,16343.281452366276,16349.281452366276,16352.81561385732,202783205283.17572,2.980063131223276,0.04976642988464881,121257.7177750069,121265.7177750069,121270.42999032828,75176.18517997744,75182.18517997744,75185.71934146849,Quaternionic
UGC02953_rotmod,259002.50303844293,259008.50303844293,259016.737834828,164595486700.49213,3.0150987814575414,0.04931730347538844,4886.652866635064,4894.652866635064,4905.632595148517,160200.8347269437,160206.8347269437,160215.06952332877,LCDM
NGC4088_rotmod,233.28440617783082,239.28440617783082,240.73912612719482,99583446208.18546,10.208298974338408,4702.308482855656,99.51484741045338,107.51484741045338,109.45447400960539,851.8920116776055,857.8920116776055,859.3467316269695,LCDM
UGC06983_rotmod,136.5022718374851,142.5022718374851,145.00191186965375,55741860289.062294,19.59095964040318,5210.648778386498,106.96939813212664,114.96939813212664,118.3022515083515,3007.6680181017855,3013.6680181017855,3016.1676581339543,LCDM
NGC4010_rotmod,419.4177789490108,425.4177789490108,426.87249889837483,57027780420.4759,19.71491060279233,4980.131732821493,378.2718454153572,386.2718454153572,388.2114720145092,953.7234379488425,959.7234379488425,961.1781578982065,LCDM
UGC06614_rotmod,317.63130237224686,323.63130237224686,325.3261504446315,99898495584.67413,6.964686873230463,825.9507785077635,69.52806319275392,77.52806319275392,79.78786062260006,1267.27444667174,1273.27444667174,1274.9692947441245,LCDM
NGC2915_rotmod,116.22678908207456,122.22678908207456,126.43038122706102,31861776841.30197,19.220873603131647,4591.994124665355,116.48953187956351,124.48953187956351,130.09432140621215,3088.5598553882405,3094.5598553882405,3098.763447533227,Quaternionic
NGC4068_rotmod,100.91327544351601,106.91327544351601,106.28855385120018,3271386570.8797107,17.231487812566275,5282.432204557735,248.11544607197092,256.11544607197095,255.28248394888314,2174.9185183292384,2180.9185183292384,2180.2937967369226,Quaternionic
F583-1_rotmod,441.6682961326924,447.6682961326924,451.32492360729697,13587199170.53222,19.599270891431985,4966.494284000482,455.4594876136336,463.4594876136336,468.3349909131064,4337.015350223724,4343.015350223724,4346.671977698329,Quaternionic
UGC07690_rotmod,10.352190559938617,16.352190559938617,16.189921007104555,12987935248.26185,16.37216215892914,5168.471832591655,16.991880262680475,24.991880262680475,24.77552085890173,645.3685242246572,651.3685242246572,651.2062546718232,Quaternionic
UGC08286_rotmod,750.008931595548,756.008931595548,758.5085716277166,29632433094.93952,19.837383421080226,4963.059399922303,758.0455405637687,766.0455405637687,769.3783939399935,11806.581921424553,11812.581921424553,11815.081561456722,Quaternionic
F571-V1_rotmod,41.558692227686336,47.558692227686336,47.396422674852275,30126342769.219715,18.487042806341435,5062.484050417834,36.18529990019634,44.18529990019634,43.968940496417595,1719.3174548484144,1725.3174548484144,1725.1551852955804,LCDM
NGC3198_rotmod,7061.471281787569,7067.471281787569,7072.75488213465,99985140721.86833,16.106264506658285,4932.039868718976,2417.94789730263,2425.94789730263,2432.992697765404,118119.45660290943,118125.45660290943,118130.74020325652,LCDM
UGC11455_rotmod,48752.370050968864,48758.370050968864,48763.120607784236,259613258549.0719,3.049384547255775,0.051863459497108785,289787.9332846752,289795.9332846752,289802.267360429,192776.96481209484,192782.96481209484,192787.7153689102,Quaternionic
UGC05721_rotmod,311.24062106428124,317.24062106428124,320.6471037120687,23905841402.557602,19.380442968975817,4947.249450208968,508.32484107112793,516.3248410711279,520.8668179348446,1616.7339796832607,1622.7339796832607,1626.1404623310482,Quaternionic
UGC06786_rotmod,22645.407319038823,22651.407319038823,22656.827306508134,99996087943.37935,5.2585194090456495,5163.278117714464,1128.9524082578134,1136.9524082578134,1144.1790582168946,12894.42886096775,12900.42886096775,12905.848848437061,LCDM
UGC06818_rotmod,114.08989639710848,120.08989639710848,120.32822102214799,11519383812.03423,18.43400232492298,5099.6584755212425,119.25406428084936,127.25406428084936,127.5718304475687,1352.7271136900354,1358.7271136900354,1358.9654383150748,Quaternionic
UGC07559_rotmod,44.897385179061374,50.897385179061374,50.73511562622731,2184815374.5976377,16.482028029494142,5100.858775419658,126.74273378772652,134.74273378772654,134.52637438394777,1681.2629011130803,1687.2629011130803,1687.1006315602463,Quaternionic
NGC7331_rotmod,8409.963433709821,8415.963433709821,8420.71399052519,233931588017.2094,3.056765125863052,0.05154106381182087,179636.6898766205,179644.6898766205,179651.02395237435,79450.57571690109,79456.57571690109,79461.32627371646,Quaternionic
UGC11914_rotmod,8807.536073964886,8813.536073964886,8820.059235774574,99991984112.36874,3.4773584879132913,4904.017927093632,578.7180357147851,586.7180357147851,595.4155847943676,4468.21910762836,4474.21910762836,4480.742269438047,LCDM
NGC4157_rotmod,476.7072661221306,482.7072661221306,485.20690615429925,99880198467.73564,7.238518059387303,3956.451614259799,95.27275053557386,103.27275053557386,106.60560391179872,1467.8346540396226,1473.8346540396226,1476.3342940717912,LCDM
NGC4389_rotmod,121.16547258386845,127.16547258386845,126.54075099155261,22067181935.923,18.463721692709512,5056.3116910581675,124.27792239650198,132.277922396502,131.4449602734142,139.96745492139254,145.96745492139254,145.3427333290767,Quaternionic
NGC7814_rotmod,1503.2837946996792,1509.2837946996792,1511.9549099733676,99972385192.54926,3.6871001131180816,5256.659361910721,6.411755413161803,14.411755413161803,17.97324244474646,1067.2601809822597,1073.2601809822597,1075.9312962559482,LCDM
UGC07608_rotmod,59.58483721812998,65.58483721812998,65.82316184316949,10309192487.398243,17.406366167539147,5029.399445202645,69.75976001834603,77.75976001834603,78.07752618506537,424.9967641725772,430.9967641725772,431.2350887976167,Quaternionic
UGC10310_rotmod,61.47681563527367,67.47681563527367,67.3145460824396,18561361810.00805,18.53875450682698,5029.208550012263,62.14327494143398,70.14327494143399,69.92691553765523,1154.008099324255,1160.008099324255,1159.845829771421,Quaternionic
F567-2_rotmod,8.231111429507902,14.231111429507902,13.059425166810202,8577792967.8472,15.974659195146785,5063.980255957079,9.309253474645411,17.30925347464541,15.747005124381811,1065.8304719804696,1071.8304719804696,1070.658785717772,Quaternionic
NGC3726_rotmod,283.42502219498584,289.42502219498584,290.87974214434985,99557767087.56299,13.513139954721302,4848.2015403957375,139.98753057646812,147.98753057646812,149.92715717562012,2117.7600153114663,2123.7600153114663,2125.2147352608304,LCDM
NGC4013_rotmod,1283.6297706575442,1289.6297706575442,1294.3803274729125,99955308994.32489,5.7651014457385905,5015.55904554984,83.8535685316033,91.8535685316033,98.18764428542774,12237.942024106671,12243.942024106671,12248.69258092204,LCDM
UGC05005_rotmod,132.9769873338098,138.9769873338098,140.17067315220493,24005690448.467987,19.36960227893549,4895.5750381691305,116.3933823084086,124.3933823084086,125.9849633996021,1934.774413366814,1940.774413366814,1941.9680991852092,LCDM
UGC04483_rotmod,871.7488211005867,877.7488211005867,877.9871457256262,10716084.485028539,2.9713817455064517,0.049082322098446,518.5191444776397,526.5191444776397,526.836910644359,7509.269105825672,7515.269105825672,7515.507430450712,LCDM
UGC02885_rotmod,4003.4045951099642,4009.4045951099642,4012.2379120474634,360958665722.70215,3.0966038240764693,0.05076372324644027,23395.16042192612,23403.16042192612,23406.938177842785,20027.31891325681,20033.31891325681,20036.15223019431,Quaternionic
UGC07866_rotmod,19.808000338681392,25.808000338681392,25.64573078584733,2292351551.551269,15.808448643020235,5145.590792800434,69.06002684293169,77.06002684293169,76.84366743915294,916.5640450580319,922.5640450580319,922.4017755051979,Quaternionic
NGC4214_rotmod,27.51897212481704,33.51897212481704,35.43614411366281,25235905191.834415,18.116795243891502,4841.2918338913805,40.83906393430718,48.83906393430718,51.39529325276821,313.89302998308153,319.89302998308153,321.8102019719273,Quaternionic
UGC07232_rotmod,39.59867667398187,45.59867667398187,43.75755975734154,3236426993.142371,14.865271205234075,5054.044175764681,104.9878006578555,112.9878006578555,110.53297810233506,174.2059159013671,180.2059159013671,178.36479898472678,Quaternionic
NGC1003_rotmod,2094.0839590432643,2100.0839590432643,2104.8345158586326,68101722655.08606,19.982599139732358,5202.40662766226,1179.9870303179216,1187.9870303179216,1194.321106071746,145104.44376645063,145110.44376645063,145115.19432326598,LCDM
UGC06917_rotmod,238.88396678620606,244.88396678620606,246.07765260460118,44141302525.50496,19.603091077193472,4956.123829367623,209.23419457103392,217.23419457103392,218.82577566222741,1950.403976975048,1956.403976975048,1957.597662793443,LCDM
F571-8_rotmod,1113.419278401498,1119.419278401498,1121.1141264738826,48690148368.19266,19.87924855451085,5223.519011260387,1047.347539913979,1055.347539913979,1057.6073373438253,1146.4350303082376,1152.4350303082376,1154.1298783806221,LCDM
UGC07261_rotmod,26.274178572116384,32.274178572116384,32.11190901928232,20321452420.694168,17.779779138053954,4931.847058873313,27.64933125936745,35.64933125936745,35.432971855588704,614.5684886487369,620.5684886487369,620.4062190959029,Quaternionic
NGC6946_rotmod,3514.9109576043875,3520.9109576043875,3527.0922866360265,99964336149.82465,11.631329354023864,5011.278701584084,1618.1473933283762,1626.1473933283762,1634.3891653705618,6030.512860572369,6036.512860572369,6042.694189604009,LCDM
NGC4183_rotmod,267.90208228359836,273.90208228359836,277.30856493138583,61872336119.9309,19.821392711247277,4986.807266169877,196.59181120434664,204.59181120434664,209.13378806806324,7189.516425234727,7195.516425234727,7198.922907882514,LCDM
NGC3949_rotmod,38.96430767677102,44.96430767677102,44.80203812393696,92434825867.5335,17.12969819140077,5125.473122606021,34.45289759031228,42.45289759031228,42.23653818653354,10.725526718795823,16.725526718795823,16.563257165961762,MOND
UGC05716_rotmod,1515.1306588025802,1521.1306588025802,1522.5853787519443,21525108214.37889,19.956166793354754,4927.44765531514,1245.9792513673437,1253.9792513673437,1255.9188779664958,145053.12750629018,145059.12750629018,145060.58222623955,LCDM
UGC07089_rotmod,177.66668809199012,183.66668809199012,185.12140804135413,14999316719.852837,19.18482111587851,4776.931198275752,180.05395629418564,188.05395629418564,189.99358289333765,2708.8144416497876,2714.8144416497876,2716.2691615991516,Quaternionic
NGC0247_rotmod,3180.4656451705023,3186.4656451705023,3190.2399347845667,19703661702.924194,19.942427963017447,5259.529822058057,3129.6523111166202,3137.6523111166202,3142.6846972687063,21175.74752700912,21181.74752700912,21185.521816623186,LCDM
PGC51017_rotmod,0.23870594318803956,6.238705943188039,5.6139843508722045,1235924426.7904592,13.73025865989848,4671.531315424274,26.058459109383016,34.058459109383016,33.225496986295234,7797.702585100666,7803.702585100666,7803.07786350835,Quaternionic
ESO116-G012_rotmod,1618.1862464036149,1624.1862464036149,1626.3103970069214,44145688978.633766,19.911147901423483,5239.814123492179,1588.057514700798,1596.057514700798,1598.8897155052068,4396.594906778597,4402.594906778597,4404.719057381903,LCDM
D631-7_rotmod,893.7181450737576,899.7181450737576,902.0359112404769,7305330635.08161,19.70074588844196,5380.541830384651,1190.0484665590052,1198.0484665590052,1201.1388214479643,15910.250904112341,15916.250904112341,15918.56867027906,Quaternionic
F563-V2_rotmod,158.64211424045143,164.64211424045143,165.54986951943357,20891765386.820026,18.656309111229035,4746.390163962897,173.81574061076552,181.81574061076552,183.0260809827417,98.43468244456837,104.43468244456837,105.3424377235505,MOND
NGC2841_rotmod,29981.638052538423,29987.638052538423,29993.37412155471,170727665204.28345,2.9011048385415434,0.0476789768473473,647.3057041063673,655.3057041063673,662.95379612808,20696.198320833486,20702.198320833486,20707.934389849772,LCDM
NGC0891_rotmod,2302.5650842347563,2308.5650842347563,2311.2361995084448,131998924105.4202,3.1841155275428745,0.052751592182789755,39.33424101902,47.33424101902,50.89572805060466,1025.4975745360352,1031.4975745360352,1034.1686898097237,LCDM
UGC03580_rotmod,5980.797681732086,5986.797681732086,5992.348124537216,62041970679.03934,19.992257506367572,5474.836654192513,4240.311571988758,4248.311571988758,4255.712162395598,81578.29860351156,81584.29860351156,81589.8490463167,LCDM
F561-1_rotmod,12.21640259585369,18.21640259585369,17.591681003537857,9807123284.429768,17.037047975902908,5041.957933268904,12.680852214488947,20.680852214488947,19.84789009140117,2351.242699478398,2357.242699478398,2356.6179778860824,Quaternionic
NGC3109_rotmod,3059.2302698581902,3065.2302698581902,3068.886897332795,4065888686.711452,19.84979721619076,4778.299968165147,4643.056929035363,4651.056929035363,4655.932432334836,19478.507186956187,19484.507186956187,19488.16381443079,Quaternionic
NGC5371_rotmod,13858.791109730186,13864.791109730186,13867.624426667686,278954035666.19916,2.97728393738353,0.05109066919193021,174310.3087822808,174318.3087822808,174322.08653819747,91977.5466400898,91983.5466400898,91986.3799570273,Quaternionic
UGC07125_rotmod,310.43695723550763,316.43695723550763,318.13180530789225,18945321360.9744,19.79307248187082,4913.772850501453,255.21660344653324,263.2166034465332,265.4764008763794,37570.928825059505,37576.928825059505,37578.62367313189,LCDM
DDO168_rotmod,574.3455988482568,580.3455988482568,581.2533541272389,7858142495.905362,19.394036338054768,5098.953211463464,721.5595451388292,729.5595451388292,730.7698855108054,8764.525020749004,8770.525020749004,8771.432776027987,Quaternionic
UGC05918_rotmod,44.233023937145674,50.233023937145674,50.471348562185185,5329222388.358035,17.470729612054637,4871.817454088225,71.18666176637223,79.18666176637223,79.50442793309156,1921.5741394085053,1927.5741394085053,1927.8124640335448,Quaternionic
F574-2_rotmod,7.350682366659953,13.350682366659953,12.178996103962254,3936667812.300289,15.705042863926526,5016.281097851352,8.776368485634714,16.776368485634713,15.214120135371115,1135.8224027171013,1141.8224027171013,1140.6507164544037,Quaternionic
UGCA444_rotmod,1404.9659987631373,1410.9659987631373,1415.7165555785057,8178278.033022374,2.9197984650763606,0.05190731655285179,1097.1931838027838,1105.1931838027838,1111.5272595566082,11382.5425187691,11388.5425187691,11393.293075584468,LCDM
UGC04305_rotmod,156.55824569892013,162.55824569892013,165.83137305899507,4284047652.3676577,18.621969139057704,4801.7762106019945,351.52225977780085,359.52225977780085,363.8864295912341,11446.679736822658,11452.679736822658,11455.952864182733,Quaternionic
NGC0300_rotmod,874.6031538693079,880.6031538693079,884.2597813439126,32622606875.789032,19.89181065793791,4829.084216603978,776.9238638638309,784.9238638638309,789.7993671633037,9714.778667895627,9720.778667895627,9724.435295370231,LCDM
UGC04278_rotmod,620.2529473178952,626.2529473178952,629.9095747924998,14194289087.691334,19.58554172046363,5158.378194100277,738.6691545661995,746.6691545661995,751.5446578656723,3129.863272296232,3135.863272296232,3139.5198997708367,Quaternionic
NGC0289_rotmod,2384.967574652181,2390.967574652181,2394.964188182707,99957199249.09952,5.9602983771736255,4938.971833076595,152.6338868638922,160.6338868638922,165.962704904593,24307.301712636687,24313.301712636687,24317.298326167213,LCDM
NGC3893_rotmod,134.12967040426693,140.12967040426693,141.03742568324907,99188896443.61014,9.942870054950435,4877.793683598136,52.94956215531424,60.94956215531424,62.15990252729043,229.919519327011,235.919519327011,236.82727460599313,LCDM
UGC00128_rotmod,8368.225968426985,8374.225968426985,8377.49909578706,99990264963.39066,16.265089443745786,4945.337955650915,2828.1668857097334,2836.1668857097334,2840.5310555231667,712551.1032820778,712557.1032820778,712560.3764094379,LCDM
UGC06446_rotmod,142.53357977737093,148.53357977737093,151.0332198095396,27193974888.744553,19.39657603649309,5003.782660922862,136.89995411546664,144.89995411546664,148.23280749169152,3180.916198244928,3186.916198244928,3189.415838277097,LCDM
UGC09037_rotmod,868.5761690449899,874.5761690449899,877.8492964050648,99187500218.50725,19.900518543806403,5014.250653016701,646.0396715011825,654.0396715011825,658.4038413146158,4155.8347190007125,4161.8347190007125,4165.107846360787,LCDM
F568-3_rotmod,495.98478810078865,501.98478810078865,504.65590337447713,12296566402.692608,19.525299598722967,5015.900270245698,492.89183270211936,500.89183270211936,504.453319733704,1975.1469924529513,1981.1469924529513,1983.8181077266397,LCDM
ESO563-G021_rotmod,31197.60530328081,31203.60530328081,31207.808895425795,240763735845.47052,3.0388662813229574,0.051300314229367094,161163.10342904803,161171.10342904803,161176.70821857467,74531.85688287955,74537.85688287955,74542.06047502454,Quaternionic
UGC12632_rotmod,228.23887391113428,234.23887391113428,236.3630245144409,21636374082.6506,19.63819968451014,4946.911881216849,206.7060861438584,214.7060861438584,217.53828694826726,11542.610766223672,11548.610766223672,11550.73491682698,LCDM
ESO444-G084_rotmod,3494.20099664165,3500.20099664165,3500.038727088816,57543681.83018562,2.9735764573901693,0.04873157778438422,783.0258642151175,791.0258642151175,790.8095048113388,7967.808041053371,7973.808041053371,7973.645771500537,LCDM
UGC09992_rotmod,1.186321057279386,7.186321057279386,6.014634794581687,3733492947.570322,14.830106773404692,5181.160004768897,4.807453963950794,12.807453963950794,11.245205613687194,609.6917859111298,615.6917859111298,614.5200996484322,Quaternionic
NGC0801_rotmod,13174.932612835059,13180.932612835059,13182.627460907443,206128659651.7068,2.9211253701722093,0.04848282397846007,76727.48296575472,76735.48296575472,76737.74276318456,85212.8269165936,85218.8269165936,85220.52176466599,Quaternionic
NGC6674_rotmod,22265.251502654995,22271.251502654995,22273.375653258303,205338380165.82715,2.9482573999634636,0.049512713987023574,30356.201924157267,30364.201924157267,30367.034124961676,220047.71348121285,220053.71348121285,220055.83763181616,Quaternionic
NGC5985_rotmod,14562.134783141988,14568.134783141988,14572.624305826388,163338950692.8996,2.9488933236080617,0.04889426713678136,756.2173491574781,764.2173491574781,770.203379403344,1631.2249108919461,1637.2249108919461,1641.7144335763455,LCDM
NGC4085_rotmod,201.32264355942075,207.32264355942075,207.1603740065867,63374422939.07054,19.119487371889456,4964.195345554015,193.2846816263626,201.2846816263626,201.06832222258387,23.38679287264864,29.38679287264864,29.22452331981458,MOND
NGC6789_rotmod,163.11616611054583,169.11616611054583,167.27504919390552,37542581.80472908,3.0505670220722862,0.04921155564606376,117.51491316328979,125.51491316328979,123.06009060776935,91.60241270887082,97.60241270887082,95.76129579223048,MOND
F579-V1_rotmod,88.35501712439628,94.35501712439628,96.27218911324206,48436564097.135086,19.176255033876323,4911.477042011065,82.89196418040817,90.89196418040817,93.4481934988692,451.8114308425844,457.8114308425844,459.7286028314302,LCDM
UGC02455_rotmod,127.18723834980537,133.18723834980537,133.42556297484487,6134546538.20606,18.153205190048602,4948.960361232262,168.7635403666484,176.7635403666484,177.08130653336775,1693.9184462830194,1699.9184462830194,1700.156770908059,Quaternionic
UGC09133_rotmod,128114.24207936367,128120.24207936367,128126.9006024792,217525575354.48203,2.8576653841580173,0.04809938379091701,305141.9716477446,305149.9716477446,305158.8496785653,1701304.359615018,1701310.359615018,1701317.0181381335,Quaternionic
UGC08550_rotmod,247.29544839624134,253.29544839624134,254.48913421463647,12042506317.7474,19.394591327285568,4957.57147227649,336.08733207927196,344.08733207927196,345.6789131704654,7891.969939142635,7897.969939142635,7899.16362496103,Quaternionic
NGC6195_rotmod,15581.512031625114,15587.512031625114,15590.918514272902,244507227271.32883,3.083828059055989,0.05039234179453639,123593.09757654346,123601.09757654346,123605.63955340718,44042.78181532357,44048.78181532357,44052.188297971355,Quaternionic
NGC2998_rotmod,8661.781166890674,8667.781166890674,8669.476014963058,99987626125.24945,5.496308242932731,4611.247350857,221.49866298329607,229.49866298329607,231.75846041314222,15676.574630264102,15682.574630264102,15684.269478336486,LCDM
UGC02023_rotmod,16.56625280776562,22.56625280776562,21.394566545067917,5310866370.570713,15.59081381995136,5091.478666031153,21.353777825081416,29.353777825081416,27.791529474817818,186.603276287156,192.603276287156,191.4315900244583,Quaternionic
NGC6015_rotmod,7229.277006377771,7235.277006377771,7240.629575279526,99953077591.265,19.853980797272527,4576.456390834261,5899.653590267513,5907.653590267513,5914.790348803186,21313.235281290887,21319.235281290887,21324.58785019264,LCDM
UGC07603_rotmod,291.8845622865644,297.8845622865644,299.3392822359284,12971582160.1707,19.190186627731222,5110.329428267125,396.6841450575314,404.6841450575314,406.6237716566834,2093.588134431393,2099.588134431393,2101.042854380757,Quaternionic
UGC02487_rotmod,30220.703013497718,30226.703013497718,30229.202653529886,470389061283.0009,3.012858508768506,0.0494322080755112,36690.07431647775,36698.07431647775,36701.40716985398,114386.20890938118,114392.20890938118,114394.70854941335,Quaternionic
F565-V2_rotmod,53.11048605561501,59.11048605561501,58.94821650278095,22532059471.46118,18.201792556351936,5181.9082460522895,51.095433288786694,59.095433288786694,58.87907388500795,934.1627336377369,940.1627336377369,940.0004640849029,LCDM
NGC5055_rotmod,107342.72288313818,107348.72288313818,107352.71949666871,125005497783.2291,3.3240475432482106,0.05130835392367388,1442.0083928310596,1450.0083928310596,1455.3372108717604,326348.670773786,326354.670773786,326358.6673873165,LCDM
F583-4_rotmod,186.54470790649475,192.54470790649475,193.99942785585876,13567118207.592834,19.184239043069553,5197.526056642604,250.88854847339664,258.88854847339667,260.8281750725486,2749.0007782658327,2755.0007782658327,2756.4554982151967,Quaternionic
UGC07524_rotmod,1316.0420931425822,1322.0420931425822,1326.3440547560376,19631670143.39884,19.894197592033617,4964.351712291617,1351.1475699703715,1359.1475699703715,1364.8835187883121,17153.74243502765,17159.74243502765,17164.044396641104,Quaternionic
F574-1_rotmod,539.6219957556563,545.6219957556563,547.539167744502,33411273770.454544,19.783033175024947,4755.033533514289,516.8397211757637,524.8397211757637,527.3959504942247,3605.055404534357,3611.055404534357,3612.972576523203,LCDM
ESO079-G014_rotmod,2400.9588450033707,2406.9588450033707,2409.0829956066773,99910491349.93907,13.200596520137307,4694.094706040607,1560.307454851351,1568.307454851351,1571.1396556557597,2892.653421450643,2898.653421450643,2900.7775720539494,LCDM
DDO064_rotmod,124.62204417348352,130.62204417348352,132.5392161623293,3943690816.0469913,17.45693350584132,4948.304594158608,355.8799233527244,363.8799233527244,366.4361526711854,966.345370369786,972.345370369786,974.2625423586318,Quaternionic
UGC05764_rotmod,38259.498577798986,38265.498577798986,38266.40633307797,55392319.19239767,3.0335208612578057,0.04951118997619827,26883.241546114292,26891.241546114292,26892.45188648627,84137.97161461337,84143.97161461337,84144.87936989235,LCDM
UGC01230_rotmod,113.28544065371608,119.28544065371608,120.47912647211119,46337108279.78975,19.471807469628466,5309.055935887956,91.26972089226983,99.26972089226983,100.8613019834633,1912.5094751671743,1918.5094751671743,1919.7031609855694,LCDM
NGC4100_rotmod,448.92294252831033,454.92294252831033,458.4571040193542,99853026857.65634,7.510993980972106,5143.83847430252,134.1805607282502,142.1805607282502,146.892776049642,2232.0612755151633,2238.0612755151633,2241.5954370062072,LCDM
NGC5005_rotmod,93.69209146137663,99.69209146137663,102.36320673506512,98906544112.07428,5.5371793610159745,5093.426674798495,18.97682587580465,26.97682587580465,30.538312907389308,91.78354843893177,97.78354843893177,100.45466371262026,LCDM
UGCA281_rotmod,769.7644203122156,775.7644203122156,775.6021507593816,37221890.09988633,3.032405341879918,0.050472910939114254,460.5874386008261,468.5874386008261,468.3710791970473,4420.1691033086145,4426.1691033086145,4426.0068337557805,LCDM
F568-1_rotmod,212.10858486764363,218.10858486764363,219.56330481700763,44191213379.419495,19.369645729021713,4852.752413732465,204.22018072630942,212.22018072630942,214.15980732546143,179.31208440001333,185.31208440001333,186.76680434937734,MOND
NGC3992_rotmod,1060.8633804002864,1066.8633804002864,1067.4550541322951,233503842313.8614,2.9859899386509374,0.04923202349876864,10210.832147136074,10218.832147136074,10219.62104544542,10414.101723283207,10420.101723283207,10420.693397015217,Quaternionic
UGC05986_rotmod,1603.3958472645509,1609.3958472645509,1611.5199978678575,46661610255.473694,19.897751980818427,4664.973747088289,1536.4270111326612,1544.4270111326612,1547.25921193707,2078.550800474495,2084.550800474495,2086.674951077802,LCDM
DDO170_rotmod,391.76298522959075,397.76298522959075,398.0013098546303,17244203422.49509,19.832262779946586,4949.364088105868,325.98267986818894,333.98267986818894,334.3004460349083,74911.36934233514,74917.36934233514,74917.60766696018,LCDM
UGC05999_rotmod,114.16359237683507,120.16359237683507,118.99190611413736,38363100101.58252,19.333184868303285,5202.186481821877,95.34051510862801,103.34051510862801,101.77826675836441,2388.5563695858223,2394.5563695858223,2393.3846833231246,LCDM
UGC08837_rotmod,265.63955753510766,271.63955753510766,271.8778821601472,2996016103.9860125,18.62940724835127,5080.351972043525,414.901337097951,422.901337097951,423.21910326467037,4758.524426982447,4764.524426982447,4764.762751607486,Quaternionic
UGC05253_rotmod,29070.467466170707,29076.467466170707,29083.338844494152,99997263470.64932,5.064262287873537,4436.765545298938,552.5065100696604,560.5065100696604,569.668347834254,28371.589270068904,28377.589270068904,28384.46064839235,LCDM
UGC07399_rotmod,334.7577492566225,340.7577492566225,341.66550453560467,34693837287.566734,19.496932660798695,4946.942716087999,345.6441301967209,353.6441301967209,354.8544705686971,399.8476518208791,405.8476518208791,406.75540709986126,Quaternionic
NGC2976_rotmod,1217.122527989424,1223.122527989424,1227.010038587437,10339956725.626953,19.32071641421552,5232.728305047258,1828.9489947380348,1836.9489947380348,1842.132342202052,874.3877279696464,880.3877279696464,884.2752385676595,MOND
UGC00731_rotmod,441.4997813816499,447.4997813816499,448.9545013310139,18780489066.244816,19.758727831305187,4898.082628532478,429.8249275282407,437.8249275282407,439.7645541273927,10861.910475189823,10867.910475189823,10869.365195139188,LCDM
UGC00191_rotmod,2358.1675837152784,2364.1675837152784,2364.759257447287,26515471808.156868,19.947619378107653,4990.670023430861,2319.200414565951,2327.200414565951,2327.989312875296,32736.551916570017,32742.551916570017,32743.143590302025,LCDM
KK98-251_rotmod,1224.7230388275361,1230.7230388275361,1232.8471894308427,41743467.71420166,3.057387798110075,0.04831096332956096,933.1860856285264,941.1860856285264,944.0182864329352,22252.05530187496,22258.05530187496,22260.179452478267,LCDM
UGC02259_rotmod,144.71994755027958,150.71994755027958,150.95827217531908,34414365367.78139,19.51516419396498,4990.197022497873,129.23093345812657,137.23093345812657,137.5486996248459,6004.766656872229,6010.766656872229,6011.004981497268,LCDM
NGC5585_rotmod,7059.662637077653,7065.662637077653,7069.196798568697,14149722314.744871,19.973888076675518,4851.867157780196,9082.705552985477,9090.705552985477,9095.417768306868,26228.350778084157,26234.350778084157,26237.8849395752,Quaternionic
NGC5907_rotmod,10680.507180078832,10686.507180078832,10689.340497016332,173473445937.88092,2.9893211668756035,0.05010297096210073,122.58168035606641,130.5816803560664,134.35943627273218,41826.5134016436,41832.5134016436,41835.346718581095,LCDM
NGC7793_rotmod,895.2442187146223,901.2442187146223,906.7301429040896,25601008423.48759,19.711105744012947,5266.0583578139485,1108.2906791113949,1116.2906791113949,1123.6052446973513,697.4139610340766,703.4139610340766,708.8998852235438,MOND
F568-V1_rotmod,46.29073457144961,52.29073457144961,54.41488517475624,48701721979.69922,18.607423150703916,4723.598290393121,41.36912650264363,49.36912650264363,52.20132730705247,292.35011863515666,298.35011863515666,300.4742692384633,LCDM
NGC4138_rotmod,5.078653784338681,11.07865378433868,10.91638423150462,88943748961.21068,7.827474782238063,5292.845842538303,9.24297074466138,17.242970744661378,17.02661134088263,162.6618318980604,168.6618318980604,168.49956234522634,Quaternionic
UGC06628_rotmod,4.031483782959469,10.03148378295947,9.869214230125408,6207364733.188988,15.701360917047943,4795.781333686291,6.171353676323308,14.171353676323308,13.95499427254456,818.0819654604833,824.0819654604833,823.9196959076493,Quaternionic
UGC07323_rotmod,313.11257544692137,319.11257544692137,320.02033072590353,17212598676.13909,19.35156796451987,4964.785876586512,332.9224935727387,340.9224935727387,342.1328339447149,1422.7317925560885,1428.7317925560885,1429.6395478350707,Quaternionic
NGC3741_rotmod,4277.133104866885,4283.133104866885,4286.266672180056,27435994.590336412,2.966032915521456,0.05184220289148932,3400.2750025252026,3408.2750025252026,3412.4530922760964,42964.08387935732,42970.08387935732,42973.21744667049,LCDM
UGC01281_rotmod,467.5314421003737,473.5314421003737,477.1880695749783,5204488787.792191,19.257776242370866,5084.966073616864,988.5594308484648,996.5594308484648,1001.4349341479376,3622.6896261399675,3628.6896261399675,3632.346253614572,Quaternionic
UGC11557_rotmod,159.4476012866558,165.4476012866558,166.90232123601982,17534206594.131943,19.08337184976046,5065.7752002649795,171.48688263992193,179.48688263992193,181.42650923907394,1072.659060686835,1078.659060686835,1080.113780636199,Quaternionic
NGC0100_rotmod,502.3239949699472,508.3239949699472,511.45756228311745,20670820169.600143,19.659889176750916,5329.265836451842,523.2313692730588,531.2313692730588,535.4094590239525,3204.306357095436,3210.306357095436,3213.439924408606,Quaternionic
IC4202_rotmod,21887.545808418796,21893.545808418796,21897.943016127196,133846321563.28302,3.585089406420626,0.055791975689594,4935.451001670212,4943.451001670212,4949.31394528141,2798.894414820087,2804.894414820087,2809.291622528486,MOND
CamB_rotmod,183.73889431886775,189.73889431886775,190.33056805087642,44160679.521466635,3.002364487853254,0.04866795011583895,830.2697109894199,838.2697109894199,839.0586092987647,18588.955391895728,18594.955391895728,18595.547065627736,Quaternionic
NGC3769_rotmod,57.14491917970811,63.14491917970811,64.59963912907212,81167247307.87209,19.507824009999872,4960.774516450438,32.52828549086192,40.52828549086192,42.46791209001392,2942.667087422541,2948.667087422541,2950.121807371905,LCDM
